commodity,crop_year,cm,bags
Arabica,11/12,1,1531881.0
Arabica,11/12,2,2318377.0
Arabica,11/12,3,2399669.0
Arabica,11/12,4,2692803.0
Arabica,11/12,5,2608042.0
Arabica,11/12,6,2534438.0
Arabica,11/12,7,1898550.0
Arabica,11/12,8,1931246.0
Arabica,11/12,9,1925072.0
Arabica,11/12,10,1735701.0
Arabica,11/12,11,1725718.0
Arabica,11/12,12,1477297.0
Arabica,12/13,1,1680612.0
Arabica,12/13,2,2034171.0
Arabica,12/13,3,1883362.0
Arabica,12/13,4,2524839.0
Arabica,12/13,5,2479565.0
Arabica,12/13,6,2526232.0
Arabica,12/13,7,2251583.0
Arabica,12/13,8,1934337.0
Arabica,12/13,9,2204777.0
Arabica,12/13,10,2346785.0
Arabica,12/13,11,2105662.0
Arabica,12/13,12,1947223.0
Arabica,13/14,1,1737458.0
Arabica,13/14,2,2247530.0
Arabica,13/14,3,2249186.0
Arabica,13/14,4,2804538.0
Arabica,13/14,5,2369336.0
Arabica,13/14,6,2575671.0
Arabica,13/14,7,2365290.0
Arabica,13/14,8,2513572.0
Arabica,13/14,9,2394723.0
Arabica,13/14,10,2607295.0
Arabica,13/14,11,2507543.0
Arabica,13/14,12,2285829.0
Arabica,14/15,1,2273558.0
Arabica,14/15,2,2389590.0
Arabica,14/15,3,2410435.0
Arabica,14/15,4,2814343.0
Arabica,14/15,5,2492353.0
Arabica,14/15,6,2433890.0
Arabica,14/15,7,2495627.0
Arabica,14/15,8,2229124.0
Arabica,14/15,9,2469248.0
Arabica,14/15,10,2353534.0
Arabica,14/15,11,2218582.0
Arabica,14/15,12,1936822.0
Arabica,15/16,1,2135974.0
Arabica,15/16,2,2197643.0
Arabica,15/16,3,2574174.0
Arabica,15/16,4,2845902.0
Arabica,15/16,5,2945838.0
Arabica,15/16,6,2822715.0
Arabica,15/16,7,2459977.0
Arabica,15/16,8,2552313.0
Arabica,15/16,9,2708814.0
Arabica,15/16,10,2124112.0
Arabica,15/16,11,2160920.0
Arabica,15/16,12,2013709.0
Arabica,16/17,1,1610508.0
Arabica,16/17,2,2656540.0
Arabica,16/17,3,2666802.0
Arabica,16/17,4,3006622.0
Arabica,16/17,5,2924414.0
Arabica,16/17,6,2901287.0
Arabica,16/17,7,2429067.0
Arabica,16/17,8,2304537.0
Arabica,16/17,9,2436589.0
Arabica,16/17,10,1937245.0
Arabica,16/17,11,2305022.0
Arabica,16/17,12,1875068.0
Arabica,17/18,1,1578300.0
Arabica,17/18,2,2274935.0
Arabica,17/18,3,2130292.0
Arabica,17/18,4,2570753.0
Arabica,17/18,5,2683908.0
Arabica,17/18,6,2597940.0
Arabica,17/18,7,2519381.0
Arabica,17/18,8,2208007.0
Arabica,17/18,9,2237524.0
Arabica,17/18,10,2026986.0
Arabica,17/18,11,1440854.0
Arabica,17/18,12,1986253.0
Arabica,18/19,1,1755475.0
Arabica,18/19,2,2622290.0
Arabica,18/19,3,2549930.0
Arabica,18/19,4,3240734.0
Arabica,18/19,5,3362444.0
Arabica,18/19,6,3462143.0
Arabica,18/19,7,3073902.0
Arabica,18/19,8,3051113.0
Arabica,18/19,9,2557882.0
Arabica,18/19,10,2706379.0
Arabica,18/19,11,3025754.0
Arabica,18/19,12,2355971.0
Arabica,19/20,1,2438600.0
Arabica,19/20,2,2570815.0
Arabica,19/20,3,2800150.0
Arabica,19/20,4,2964909.0
Arabica,19/20,5,2757885.0
Arabica,19/20,6,2409528.0
Arabica,19/20,7,2922387.0
Arabica,19/20,8,2477429.0
Arabica,19/20,9,2898784.0
Arabica,19/20,10,2951535.0
Arabica,19/20,11,2457707.0
Arabica,19/20,12,2082022.0
Arabica,20/21,1,2421146.0
Arabica,20/21,2,2766801.0
Arabica,20/21,3,3225249.0
Arabica,20/21,4,3698601.0
Arabica,20/21,5,4080675.0
Arabica,20/21,6,3642367.0
Arabica,20/21,7,3138628.0
Arabica,20/21,8,3357482.0
Arabica,20/21,9,3119681.0
Arabica,20/21,10,3045766.0
Arabica,20/21,11,2083261.0
Arabica,20/21,12,2378747.0
Arabica,21/22,1,2164289.0
Arabica,21/22,2,2126832.0
Arabica,21/22,3,2480975.0
Arabica,21/22,4,2968402.0
Arabica,21/22,5,2627646.0
Arabica,21/22,6,3290070.0
Arabica,21/22,7,2993663.0
Arabica,21/22,8,3145752.0
Arabica,21/22,9,3314870.0
Arabica,21/22,10,2635893.0
Arabica,21/22,11,2529574.0
Arabica,21/22,12,2688245.0
Arabica,22/23,1,2057164.0
Arabica,22/23,2,2384413.0
Arabica,22/23,3,3001106.0
Arabica,22/23,4,3167035.0
Arabica,22/23,5,3351127.0
Arabica,22/23,6,2834772.0
Arabica,22/23,7,2452488.0
Arabica,22/23,8,2055686.0
Arabica,22/23,9,2690288.0
Arabica,22/23,10,2299013.0
Arabica,22/23,11,1986387.0
Arabica,22/23,12,2061541.0
Arabica,23/24,1,2204631.0
Arabica,23/24,2,2661207.0
Arabica,23/24,3,2421076.0
Arabica,23/24,4,3446935.0
Arabica,23/24,5,3278414.0
Arabica,23/24,6,3271514.0
Arabica,23/24,7,3286385.0
Arabica,23/24,8,2825076.0
Arabica,23/24,9,3152281.0
Arabica,23/24,10,3244334.0
Arabica,23/24,11,3181927.0
Arabica,23/24,12,2496588.0
Arabica,24/25,1,2497750.0
Arabica,24/25,2,2544312.0
Arabica,24/25,3,3299578.0
Arabica,24/25,4,3886694.0
Arabica,24/25,5,3701441.0
Arabica,24/25,6,2927388.0
Arabica,24/25,7,3301696.0
Arabica,24/25,8,2907707.0
Arabica,24/25,9,2824160.0
Arabica,24/25,10,2688108.0
Arabica,24/25,11,2413181.0
Arabica,24/25,12,1828485.0
Arabica,25/26,1,1992423.0
Arabica,25/26,2,2279622.0
Arabica,25/26,3,2977456.0
Arabica,25/26,4,3388002.0
Arabica,25/26,5,3064278.0
Arabica,25/26,6,2646077.0
Arabica,25/26,7,2354885.0
Arabica,25/26,8,2069721.0
Arabica,25/26,9,2295458.0
Arabica,25/26,10,2284296.0
Arabica,25/26,11,2144329.0
Arabica,25/26,12,2019742.0
Arabica,26/27,1,1818144.0
Arabica,26/27,2,2865851.0
Arabica,26/27,3,3000000.0
Robusta,11/12,1,265744.0
Robusta,11/12,2,322282.0
Robusta,11/12,3,222287.0
Robusta,11/12,4,236160.0
Robusta,11/12,5,143336.0
Robusta,11/12,6,76005.0
Robusta,11/12,7,37419.0
Robusta,11/12,8,53061.0
Robusta,11/12,9,79136.0
Robusta,11/12,10,19991.0
Robusta,11/12,11,89085.0
Robusta,11/12,12,185485.0
Robusta,12/13,1,174326.0
Robusta,12/13,2,233483.0
Robusta,12/13,3,77079.0
Robusta,12/13,4,60230.0
Robusta,12/13,5,66468.0
Robusta,12/13,6,69494.0
Robusta,12/13,7,37588.0
Robusta,12/13,8,38460.0
Robusta,12/13,9,60304.0
Robusta,12/13,10,114743.0
Robusta,12/13,11,173065.0
Robusta,12/13,12,138219.0
Robusta,13/14,1,196277.0
Robusta,13/14,2,134175.0
Robusta,13/14,3,149231.0
Robusta,13/14,4,99005.0
Robusta,13/14,5,79228.0
Robusta,13/14,6,88367.0
Robusta,13/14,7,115403.0
Robusta,13/14,8,148654.0
Robusta,13/14,9,141849.0
Robusta,13/14,10,207897.0
Robusta,13/14,11,213502.0
Robusta,13/14,12,368401.0
Robusta,14/15,1,428747.0
Robusta,14/15,2,386086.0
Robusta,14/15,3,249505.0
Robusta,14/15,4,279538.0
Robusta,14/15,5,450196.0
Robusta,14/15,6,463415.0
Robusta,14/15,7,344794.0
Robusta,14/15,8,254532.0
Robusta,14/15,9,348628.0
Robusta,14/15,10,530599.0
Robusta,14/15,11,413222.0
Robusta,14/15,12,414995.0
Robusta,15/16,1,411461.0
Robusta,15/16,2,396050.0
Robusta,15/16,3,335911.0
Robusta,15/16,4,359906.0
Robusta,15/16,5,293859.0
Robusta,15/16,6,109996.0
Robusta,15/16,7,78044.0
Robusta,15/16,8,70205.0
Robusta,15/16,9,61531.0
Robusta,15/16,10,59647.0
Robusta,15/16,11,68141.0
Robusta,15/16,12,83464.0
Robusta,16/17,1,38238.0
Robusta,16/17,2,39647.0
Robusta,16/17,3,30486.0
Robusta,16/17,4,11483.0
Robusta,16/17,5,28390.0
Robusta,16/17,6,11037.0
Robusta,16/17,7,22338.0
Robusta,16/17,8,9862.0
Robusta,16/17,9,20626.0
Robusta,16/17,10,26611.0
Robusta,16/17,11,19799.0
Robusta,16/17,12,19908.0
Robusta,17/18,1,20272.0
Robusta,17/18,2,29972.0
Robusta,17/18,3,24475.0
Robusta,17/18,4,19228.0
Robusta,17/18,5,36491.0
Robusta,17/18,6,46487.0
Robusta,17/18,7,12760.0
Robusta,17/18,8,27829.0
Robusta,17/18,9,76542.0
Robusta,17/18,10,58214.0
Robusta,17/18,11,46621.0
Robusta,17/18,12,283940.0
Robusta,18/19,1,369836.0
Robusta,18/19,2,539627.0
Robusta,18/19,3,292161.0
Robusta,18/19,4,368991.0
Robusta,18/19,5,235423.0
Robusta,18/19,6,168196.0
Robusta,18/19,7,150609.0
Robusta,18/19,8,212003.0
Robusta,18/19,9,190880.0
Robusta,18/19,10,240371.0
Robusta,18/19,11,462472.0
Robusta,18/19,12,383915.0
Robusta,19/20,1,601684.0
Robusta,19/20,2,461635.0
Robusta,19/20,3,346970.0
Robusta,19/20,4,359186.0
Robusta,19/20,5,204055.0
Robusta,19/20,6,345873.0
Robusta,19/20,7,223828.0
Robusta,19/20,8,218905.0
Robusta,19/20,9,253550.0
Robusta,19/20,10,316695.0
Robusta,19/20,11,486571.0
Robusta,19/20,12,638835.0
Robusta,20/21,1,448158.0
Robusta,20/21,2,474827.0
Robusta,20/21,3,676325.0
Robusta,20/21,4,470493.0
Robusta,20/21,5,334632.0
Robusta,20/21,6,384365.0
Robusta,20/21,7,242217.0
Robusta,20/21,8,313689.0
Robusta,20/21,9,348268.0
Robusta,20/21,10,336280.0
Robusta,20/21,11,303723.0
Robusta,20/21,12,398004.0
Robusta,21/22,1,410766.0
Robusta,21/22,2,345711.0
Robusta,21/22,3,390102.0
Robusta,21/22,4,301607.0
Robusta,21/22,5,221353.0
Robusta,21/22,6,131056.0
Robusta,21/22,7,99847.0
Robusta,21/22,8,143956.0
Robusta,21/22,9,135661.0
Robusta,21/22,10,142826.0
Robusta,21/22,11,131486.0
Robusta,21/22,12,143421.0
Robusta,22/23,1,146239.0
Robusta,22/23,2,128705.0
Robusta,22/23,3,149757.0
Robusta,22/23,4,114247.0
Robusta,22/23,5,110021.0
Robusta,22/23,6,61992.0
Robusta,22/23,7,75853.0
Robusta,22/23,8,87500.0
Robusta,22/23,9,107267.0
Robusta,22/23,10,124206.0
Robusta,22/23,11,131689.0
Robusta,22/23,12,230703.0
Robusta,23/24,1,494527.0
Robusta,23/24,2,703148.0
Robusta,23/24,3,647088.0
Robusta,23/24,4,679949.0
Robusta,23/24,5,898666.0
Robusta,23/24,6,526974.0
Robusta,23/24,7,459987.0
Robusta,23/24,8,564930.0
Robusta,23/24,9,862569.0
Robusta,23/24,10,685508.0
Robusta,23/24,11,879905.0
Robusta,23/24,12,823727.0
Robusta,24/25,1,902637.0
Robusta,24/25,2,945047.0
Robusta,24/25,3,930992.0
Robusta,24/25,4,927780.0
Robusta,24/25,5,807051.0
Robusta,24/25,6,571094.0
Robusta,24/25,7,333801.0
Robusta,24/25,8,230785.0
Robusta,24/25,9,139002.0
Robusta,24/25,10,104837.0
Robusta,24/25,11,203686.0
Robusta,24/25,12,477200.0
Robusta,25/26,1,461625.0
Robusta,25/26,2,621010.0
Robusta,25/26,3,493018.0
Robusta,25/26,4,448556.0
Robusta,25/26,5,259323.0
Robusta,25/26,6,222147.0
Robusta,25/26,7,182225.0
Robusta,25/26,8,230555.0
Robusta,25/26,9,373858.0
Robusta,25/26,10,501403.0
Robusta,25/26,11,603995.0
Robusta,25/26,12,643659.0
Robusta,26/27,1,851235.0
Robusta,26/27,2,953592.0
Robusta,26/27,3,900000.0
Soluble,18/19,1,355335.0
Soluble,18/19,2,363119.0
Soluble,18/19,3,309596.0
Soluble,18/19,4,348747.0
Soluble,18/19,5,311835.0
Soluble,18/19,6,313563.0
Soluble,18/19,7,262729.0
Soluble,18/19,8,332158.0
Soluble,18/19,9,370567.0
Soluble,18/19,10,290826.0
Soluble,18/19,11,375424.0
Soluble,18/19,12,365174.0
Soluble,19/20,1,361053.0
Soluble,19/20,2,486040.0
Soluble,19/20,3,328692.0
Soluble,19/20,4,370378.0
Soluble,19/20,5,295687.0
Soluble,19/20,6,348848.0
Soluble,19/20,7,328597.0
Soluble,19/20,8,292299.0
Soluble,19/20,9,353335.0
Soluble,19/20,10,380228.0
Soluble,19/20,11,317029.0
Soluble,19/20,12,366620.0
Soluble,20/21,1,371171.0
Soluble,20/21,2,319748.0
Soluble,20/21,3,343706.0
Soluble,20/21,4,354868.0
Soluble,20/21,5,334698.0
Soluble,20/21,6,379723.0
Soluble,20/21,7,281818.0
Soluble,20/21,8,327743.0
Soluble,20/21,9,354365.0
Soluble,20/21,10,347655.0
Soluble,20/21,11,298851.0
Soluble,20/21,12,329348.0
Soluble,21/22,1,331043.0
Soluble,21/22,2,347683.0
Soluble,21/22,3,323397.0
Soluble,21/22,4,373869.0
Soluble,21/22,5,359168.0
Soluble,21/22,6,454504.0
Soluble,21/22,7,307300.0
Soluble,21/22,8,306440.0
Soluble,21/22,9,368839.0
Soluble,21/22,10,273086.0
Soluble,21/22,11,314013.0
Soluble,21/22,12,348081.0
Soluble,22/23,1,314000.0
Soluble,22/23,2,327539.0
Soluble,22/23,3,300069.0
Soluble,22/23,4,301245.0
Soluble,22/23,5,299931.0
Soluble,22/23,6,298000.0
Soluble,22/23,7,318902.0
Soluble,22/23,8,287760.0
Soluble,22/23,9,308383.0
Soluble,22/23,10,327112.0
Soluble,22/23,11,330901.0
Soluble,22/23,12,340429.0
Soluble,23/24,1,298773.0
Soluble,23/24,2,323815.0
Soluble,23/24,3,272176.0
Soluble,23/24,4,274569.0
Soluble,23/24,5,231803.0
Soluble,23/24,6,331515.0
Soluble,23/24,7,290509.0
Soluble,23/24,8,257115.0
Soluble,23/24,9,355737.0
Soluble,23/24,10,342973.0
Soluble,23/24,11,379095.0
Soluble,23/24,12,289542.0
Soluble,24/25,1,370696.0
Soluble,24/25,2,320109.0
Soluble,24/25,3,362889.0
Soluble,24/25,4,356604.0
Soluble,24/25,5,373699.0
Soluble,24/25,6,424248.0
Soluble,24/25,7,366106.0
Soluble,24/25,8,281603.0
Soluble,24/25,9,330097.0
Soluble,24/25,10,306480.0
Soluble,24/25,11,358301.0
Soluble,24/25,12,305096.0
Soluble,25/26,1,294842.0
Soluble,25/26,2,267166.0
Soluble,25/26,3,302178.0
Soluble,25/26,4,306322.0
Soluble,25/26,5,294793.0
Soluble,25/26,6,279778.0
Soluble,25/26,7,252638.0
Soluble,25/26,8,329278.0
Soluble,25/26,9,395164.0
Soluble,25/26,10,375445.0
Soluble,25/26,11,358477.0
Soluble,25/26,12,423421.0
Soluble,26/27,1,351403.0
Soluble,26/27,2,350000.0
Soluble,26/27,3,300000.0
