date,Arabica,Robusta
2020-01-02,18746.0,0.0
2020-01-03,219363.0,
2020-01-06,407869.0,
2020-01-07,584661.0,6.0
2020-01-08,739816.0,1665.0
2020-01-09,879451.0,21691.0
2020-01-10,983353.0,15931.0
2020-01-16,1652896.0,57898.0
2020-01-17,1841438.0,70904.0
2020-01-18,1939127.0,77870.0
2020-01-21,2051179.0,96529.0
2020-01-22,2131367.0,149028.0
2020-01-23,2304811.0,152365.0
2020-01-24,2456602.0,158089.0
2020-01-27,2565676.0,163909.0
2020-01-28,2672584.0,208528.0
2020-01-30,2784056.0,209848.0
2020-01-31,2957075.0,218801.0
2020-02-03,46180.0,0.0
2020-02-04,140583.0,38533.0
2020-02-05,297085.0,38643.0
2020-02-06,425528.0,37123.0
2020-02-07,577433.0,37123.0
2020-02-13,1198477.0,78827.0
2020-02-14,1350151.0,84800.0
2020-02-17,1432795.0,93054.0
2020-02-18,1539390.0,95027.0
2020-02-19,1723630.0,120887.0
2020-02-20,1812816.0,120887.0
2020-02-21,1917456.0,137612.0
2020-02-27,2192811.0,193700.0
2020-02-28,2489219.0,212728.0
2020-03-02,63714.0,7634.0
2020-03-03,138593.0,13554.0
2020-03-04,278211.0,19383.0
2020-03-05,311745.0,20023.0
2020-03-06,529257.0,41557.0
2020-03-11,873622.0,103273.0
2020-03-12,970809.0,111612.0
2020-03-13,1220848.0,123409.0
2020-03-16,1297413.0,123409.0
2020-03-17,1478070.0,143445.0
2020-03-18,1574675.0,173587.0
2020-03-19,1788121.0,178574.0
2020-03-20,1960221.0,184871.0
2020-03-23,2057965.0,197696.0
2020-03-24,2156548.0,230647.0
2020-03-25,2268376.0,237707.0
2020-03-26,2321578.0,246005.0
2020-03-27,2476434.0,246645.0
2020-03-30,2608583.0,253258.0
2020-03-31,2787525.0,268051.0
2020-04-01,68656.0,10612.0
2020-04-02,118040.0,15974.0
2020-04-03,150870.0,16840.0
2020-04-06,308257.0,50113.0
2020-04-07,441089.0,63028.0
2020-04-08,441089.0,63028.0
2020-04-13,854548.0,99907.0
2020-04-14,971521.0,109945.0
2020-04-15,1130837.0,148660.0
2020-04-16,1261492.0,160037.0
2020-04-17,1343677.0,160703.0
2020-04-20,1438920.0,168944.0
2020-04-22,1683084.0,214191.0
2020-04-23,1882708.0,232352.0
2020-04-24,2107163.0,237712.0
2020-04-27,2338089.0,239312.0
2020-04-28,2531331.0,268765.0
2020-04-29,2612548.0,289358.0
2020-04-30,2754571.0,303769.0
2020-05-04,,1299.0
2020-05-05,,23391.0
2020-05-06,,71635.0
2020-05-07,,73687.0
2020-05-08,,92412.0
2020-05-13,,166475.0
2020-05-14,,209838.0
2020-05-15,,219512.0
2020-05-18,,247397.0
2020-05-19,,283888.0
2020-05-20,,295944.0
2020-05-21,,328561.0
2020-05-22,,329561.0
2020-05-25,,396572.0
2020-05-26,,400824.0
2020-05-27,,462672.0
2020-05-28,,465232.0
2020-05-29,,487667.0
2020-06-01,,14355.0
2020-06-02,,22275.0
2020-06-03,,40999.0
2020-06-04,,83981.0
2020-06-05,,87459.0
2020-06-10,,190233.0
2020-06-12,,214487.0
2020-06-15,,233597.0
2020-06-16,,253518.0
2020-06-17,,285969.0
2020-06-18,,371680.0
2020-06-19,,382562.0
2020-06-22,,398054.0
2020-06-23,,407788.0
2020-06-24,,485394.0
2020-06-25,,529647.0
2020-06-26,,553299.0
2020-06-29,,564654.0
2020-06-30,,639482.0
2020-10-01,107728.0,6430.0
2020-10-02,251330.0,31911.0
2020-10-05,352498.0,34378.0
2020-10-06,448542.0,42977.0
2020-10-07,594262.0,80150.0
2020-10-14,1249904.0,197364.0
2020-10-15,1519888.0,234672.0
2020-10-16,1704032.0,255291.0
2020-10-19,1881179.0,273819.0
2020-10-20,2050492.0,315045.0
2020-10-21,2220669.0,322349.0
2020-10-22,2431443.0,328736.0
2020-10-23,2609778.0,363756.0
2020-10-26,2819826.0,386397.0
2020-10-27,3069301.0,403031.0
2020-10-28,3203734.0,420084.0
2020-10-29,3286945.0,436038.0
2020-10-30,3703005.0,478481.0
2020-10-31,3703005.0,478481.0
2020-11-03,181522.0,14041.0
2020-11-04,285659.0,25042.0
2020-11-05,494466.0,41617.0
2020-11-06,672719.0,42616.0
2020-11-09,804497.0,69350.0
2020-11-11,1133410.0,95764.0
2020-11-12,1281969.0,134604.0
2020-11-13,1510444.0,149464.0
2020-11-16,1722972.0,156460.0
2020-11-17,1883605.0,161296.0
2020-11-18,2102348.0,182540.0
2020-11-19,2361613.0,235390.0
2020-11-20,2463022.0,258623.0
2020-11-23,2714204.0,269669.0
2020-11-24,2926471.0,269669.0
2020-11-25,3167664.0,281173.0
2020-11-26,3391406.0,290904.0
2020-11-27,3594090.0,306740.0
2020-11-30,3975360.0,334715.0
2020-12-01,77005.0,4680.0
2020-12-02,238615.0,40501.0
2020-12-03,397068.0,49968.0
2020-12-04,425354.0,49968.0
2020-12-07,615122.0,66713.0
2020-12-09,986826.0,137358.0
2020-12-10,1159346.0,154023.0
2020-12-11,1325635.0,158223.0
2020-12-14,1536143.0,171539.0
2020-12-15,1675905.0,194725.0
2020-12-16,1838247.0,206252.0
2020-12-17,2030365.0,212919.0
2020-12-18,2225546.0,256303.0
2020-12-21,2328301.0,260410.0
2020-12-22,2572483.0,276265.0
2020-12-23,2658297.0,277345.0
2020-12-28,2959695.0,324198.0
2020-12-29,3126299.0,338308.0
2020-12-30,3329531.0,350420.0
2020-12-31,3633445.0,376449.0
2021-01-04,80189.0,2520.0
2021-01-05,227637.0,5400.0
2021-01-06,276823.0,15640.0
2021-01-07,403490.0,28467.0
2021-01-08,540875.0,48985.0
2021-01-11,730677.0,53065.0
2021-01-12,860742.0,73858.0
2021-01-13,986864.0,79251.0
2021-01-19,1647229.0,155066.0
2021-01-20,1732561.0,163339.0
2021-01-21,1846352.0,188808.0
2021-01-22,1973254.0,195992.0
2021-01-25,2174690.0,201432.0
2021-01-26,2237277.0,232424.0
2021-01-27,2387500.0,234090.0
2021-01-28,2517500.0,240756.0
2021-01-29,2706527.0,246013.0
2021-01-31,2966600.0,246013.0
2021-02-01,47264.0,13600.0
2021-02-02,201013.0,24934.0
2021-02-03,274739.0,47699.0
2021-02-04,464038.0,81571.0
2021-02-05,608717.0,96285.0
2021-02-09,907397.0,111594.0
2021-02-10,1054845.0,136761.0
2021-02-11,1226442.0,146369.0
2021-02-12,1358949.0,158363.0
2021-02-15,1530784.0,191086.0
2021-02-16,1572248.0,191086.0
2021-02-17,1738547.0,191086.0
2021-02-18,1899876.0,231637.0
2021-02-19,2089792.0,257685.0
2021-02-22,2322954.0,258885.0
2021-02-23,2451144.0,264018.0
2021-02-24,2653659.0,282946.0
2021-02-25,2809732.0,283591.0
2021-02-26,2954672.0,302044.0
2021-02-28,3285721.0,323130.0
2021-03-01,83797.0,1293.0
2021-03-02,170017.0,28890.0
2021-03-03,270563.0,47883.0
2021-03-04,354975.0,65771.0
2021-03-05,501758.0,88116.0
2021-03-10,885689.0,145602.0
2021-03-11,1011285.0,183895.0
2021-03-12,1117837.0,190267.0
2021-03-15,1204354.0,194250.0
2021-03-16,1342864.0,209340.0
2021-03-17,1408141.0,240320.0
2021-03-18,1594413.0,243093.0
2021-03-19,1747548.0,252400.0
2021-03-22,1772646.0,287437.0
2021-03-23,1964090.0,297100.0
2021-03-24,2116275.0,304220.0
2021-03-25,2305059.0,310060.0
2021-03-26,2467242.0,335894.0
2021-03-29,2488615.0,336760.0
2021-03-30,2625747.0,351271.0
2021-03-31,2988576.0,352059.0
2021-04-01,35162.0,0.0
2021-04-05,166193.0,11600.0
2021-04-06,344438.0,17640.0
2021-04-07,391980.0,57328.0
2021-04-08,530749.0,68529.0
2021-04-13,886532.0,91915.0
2021-04-14,1100436.0,102339.0
2021-04-15,1261341.0,111556.0
2021-04-16,1403446.0,161751.0
2021-04-19,1513528.0,169431.0
2021-04-20,1737639.0,193903.0
2021-04-22,1777948.0,196063.0
2021-04-23,1993112.0,234047.0
2021-04-26,2156312.0,236247.0
2021-04-27,2311481.0,253128.0
2021-04-28,2441685.0,266764.0
2021-04-29,2545674.0,300013.0
2021-04-30,2942645.0,330662.0
2021-05-03,102862.0,8666.0
2021-05-04,192870.0,11546.0
2021-05-05,265500.0,16946.0
2021-05-06,357460.0,18933.0
2021-05-12,780265.0,93876.0
2021-05-13,1105580.0,105110.0
2021-05-14,1195009.0,122921.0
2021-05-17,1340231.0,145908.0
2021-05-31,2083261.0,332542.0
2021-06-01,61146.0,0.0
2021-06-02,81155.0,3920.0
2021-06-04,224820.0,9647.0
2021-06-07,377245.0,44148.0
2021-06-08,428735.0,51784.0
2021-06-10,427930.0,51784.0
2021-06-11,669948.0,103834.0
2021-06-14,935858.0,148062.0
2021-06-15,974783.0,180126.0
2021-06-16,1181702.0,194545.0
2021-06-17,1361184.0,212051.0
2021-06-18,1403213.0,221638.0
2021-06-21,1606015.0,251528.0
2021-06-22,1710416.0,263240.0
2021-06-23,1820186.0,283283.0
2021-06-24,1935588.0,321789.0
2021-06-25,2035572.0,347851.0
2021-06-28,2086160.0,368451.0
2021-06-29,2244325.0,375474.0
2021-06-30,2364769.0,390784.0
2021-07-01,45421.0,4237.0
2021-07-02,123536.0,37342.0
2021-07-05,212014.0,50835.0
2021-07-06,232380.0,54148.0
2021-07-07,376995.0,90718.0
2021-07-08,476537.0,103432.0
2021-07-09,481143.0,103865.0
2021-07-13,761282.0,188151.0
2021-07-14,815230.0,191230.0
2021-07-15,891877.0,209569.0
2021-07-16,1056389.0,214496.0
2021-07-19,1120654.0,223554.0
2021-07-20,1230608.0,265516.0
2021-07-21,1355873.0,280646.0
2021-07-22,1489872.0,294372.0
2021-07-23,1519752.0,303960.0
2021-07-26,1570839.0,330827.0
2021-07-27,1688904.0,337414.0
2021-07-28,1788899.0,361434.0
2021-07-29,1763164.0,382687.0
2021-07-30,1921585.0,427171.0
2021-07-31,2164289.0,427171.0
2021-08-01,,4237.0
2021-08-02,38101.0,37342.0
2021-08-03,151015.0,
2021-08-04,182630.0,
2021-08-05,256380.0,50835.0
2021-08-06,390831.0,54148.0
2021-08-07,,90718.0
2021-08-08,,103432.0
2021-08-09,,103865.0
2021-08-11,647069.0,
2021-08-12,744925.0,
2021-08-13,862879.0,188151.0
2021-08-14,,191230.0
2021-08-15,,209569.0
2021-08-16,890613.0,214496.0
2021-08-17,1044852.0,
2021-08-18,1128063.0,
2021-08-19,1212363.0,223554.0
2021-08-20,,265516.0
2021-08-21,,280646.0
2021-08-22,,294372.0
2021-08-23,1571897.0,303960.0
2021-08-24,1660858.0,
2021-08-25,1837690.0,
2021-08-26,1965850.0,330827.0
2021-08-27,,337414.0
2021-08-28,,361434.0
2021-08-29,,382687.0
2021-08-30,2147307.0,427171.0
2021-08-31,2126832.0,427171.0
2021-09-01,49296.0,0.0
2021-09-02,96894.0,0.0
2021-09-03,175165.0,41903.0
2021-09-08,308439.0,52171.0
2021-09-09,390831.0,89897.0
2021-09-10,587472.0,92941.0
2021-09-13,657002.0,94021.0
2021-09-14,917208.0,143137.0
2021-09-15,1038753.0,153842.0
2021-09-16,1121858.0,159791.0
2021-09-17,1243121.0,175354.0
2021-09-20,1397182.0,190970.0
2021-09-21,1541273.0,217877.0
2021-09-22,1656463.0,232233.0
2021-09-23,1762006.0,235748.0
2021-09-24,1883308.0,242158.0
2021-09-27,1997031.0,253168.0
2021-09-28,2124280.0,275707.0
2021-09-29,2249767.0,289454.0
2021-09-30,2375882.0,309020.0
2021-10-01,99782.0,13645.0
2021-10-05,312811.0,48823.0
2021-10-06,359815.0,76381.0
2021-10-07,451202.0,87354.0
2021-10-14,985248.0,148901.0
2021-10-15,1058432.0,149334.0
2021-10-18,1239580.0,169504.0
2021-10-19,1304366.0,203970.0
2021-10-20,1415954.0,205770.0
2021-10-21,1558143.0,223497.0
2021-10-22,1697929.0,223497.0
2021-10-25,1857195.0,244458.0
2021-10-26,2011653.0,268918.0
2021-10-27,2141324.0,280808.0
2021-10-28,2283449.0,305974.0
2021-10-29,2397179.0,315321.0
2021-10-31,2648817.0,308521.0
2021-11-01,96486.0,0.0
2021-11-03,211721.0,5947.0
2021-11-04,254439.0,25171.0
2021-11-05,275347.0,31201.0
2021-11-08,316967.0,36173.0
2021-11-09,406110.0,58612.0
2021-11-16,970148.0,102008.0
2021-11-17,1125647.0,112278.0
2021-11-18,1309359.0,113238.0
2021-11-19,1404046.0,115871.0
2021-11-22,1480585.0,126157.0
2021-11-23,1693932.0,162196.0
2021-11-24,1978671.0,168675.0
2021-11-25,2163500.0,179448.0
2021-11-26,2319284.0,186281.0
2021-11-29,2468850.0,196520.0
2021-11-30,2655635.0,198633.0
2021-12-01,7794.0,0.0
2021-12-02,153534.0,17114.0
2021-12-03,248825.0,23981.0
2021-12-06,405564.0,33583.0
2021-12-07,514792.0,43196.0
2021-12-14,1260624.0,64182.0
2021-12-15,1422671.0,71535.0
2021-12-16,1591918.0,81535.0
2021-12-17,1753927.0,88362.0
2021-12-20,1902328.0,92674.0
2021-12-21,2274731.0,109168.0
2021-12-22,2344434.0,111448.0
2021-12-28,2980629.0,125474.0
2021-12-29,3176989.0,131210.0
2021-12-30,3256711.0,131228.0
2021-12-31,3358424.0,130215.0
2022-01-03,29995.0,4466.0
2022-01-04,163285.0,4466.0
2022-01-05,312862.0,8466.0
2022-01-06,325371.0,8906.0
2022-01-07,423244.0,9352.0
2022-01-10,496936.0,19325.0
2022-01-11,640282.0,21405.0
2022-01-12,726691.0,25538.0
2022-01-13,844016.0,33232.0
2022-01-19,1438472.0,61816.0
2022-01-20,1586227.0,65482.0
2022-01-21,1695202.0,66814.0
2022-01-24,1872671.0,68307.0
2022-01-25,2025532.0,74003.0
2022-01-26,2211963.0,94543.0
2022-01-27,2489642.0,95263.0
2022-01-28,2596199.0,98362.0
2022-01-31,3032524.0,106615.0
2022-02-01,50917.0,
2022-02-02,117533.0,
2022-02-03,267907.0,4466.0
2022-02-04,394922.0,4466.0
2022-02-05,,8466.0
2022-02-06,,8906.0
2022-02-07,511105.0,9352.0
2022-02-10,1005631.0,19325.0
2022-02-11,1230572.0,21405.0
2022-02-12,,25538.0
2022-02-13,,33232.0
2022-02-14,1447080.0,
2022-02-15,1539363.0,
2022-02-16,1794428.0,
2022-02-17,1949361.0,
2022-02-18,2068948.0,
2022-02-19,,61816.0
2022-02-20,,65482.0
2022-02-21,2243851.0,66814.0
2022-02-22,2409775.0,
2022-02-23,2547317.0,
2022-02-24,2612276.0,68307.0
2022-02-25,2885900.0,74003.0
2022-02-26,,84561.0
2022-02-27,,120457.0
2022-02-28,3056799.0,143956.0
2022-03-02,107239.0,
2022-03-03,276929.0,4466.0
2022-03-04,391113.0,4466.0
2022-03-05,,8466.0
2022-03-06,,8906.0
2022-03-07,552410.0,9352.0
2022-03-08,745882.0,
2022-03-09,925110.0,
2022-03-10,,19325.0
2022-03-11,,21405.0
2022-03-12,,25538.0
2022-03-13,,33232.0
2022-03-14,1231861.0,
2022-03-15,1479912.0,
2022-03-16,1733233.0,
2022-03-17,1930581.0,
2022-03-18,1967208.0,
2022-03-19,,61816.0
2022-03-20,,65482.0
2022-03-21,2064604.0,66814.0
2022-03-22,2242515.0,
2022-03-23,2344301.0,
2022-03-24,2513593.0,68307.0
2022-03-25,2600539.0,74003.0
2022-03-26,,94543.0
2022-03-27,,95263.0
2022-03-28,2779400.0,98362.0
2022-03-29,2901587.0,
2022-03-30,3074614.0,
2022-03-31,3349655.0,
2022-04-01,29493.0,4266.0
2022-04-04,124807.0,6512.0
2022-04-05,176921.0,8978.0
2022-04-08,263723.0,8978.0
2022-04-12,792495.0,38412.0
2022-04-13,883516.0,38732.0
2022-04-14,985426.0,40464.0
2022-04-18,1153106.0,54838.0
2022-04-19,1298107.0,64120.0
2022-04-20,1408990.0,65720.0
2022-04-21,1408990.0,65720.0
2022-04-22,1508272.0,65720.0
2022-04-25,1738832.0,75013.0
2022-04-26,1903471.0,93807.0
2022-04-27,2029323.0,99451.0
2022-04-28,2167355.0,127574.0
2022-04-29,2271088.0,138241.0
2022-04-30,2543938.0,138081.0
2022-05-02,,4559.0
2022-05-03,,10533.0
2022-05-04,59742.0,10533.0
2022-05-05,227138.0,17043.0
2022-05-06,397438.0,17476.0
2022-05-07,487896.0,
2022-05-08,550117.0,
2022-05-09,,23763.0
2022-05-14,1098129.0,
2022-05-16,,44790.0
2022-05-17,,49880.0
2022-05-18,1345059.0,54583.0
2022-05-19,,55749.0
2022-05-20,1532180.0,58181.0
2022-05-22,1805252.0,
2022-05-23,,59937.0
2022-05-24,,66734.0
2022-05-25,1881525.0,68292.0
2022-05-26,1921928.0,91586.0
2022-05-27,,96923.0
2022-05-28,2221982.0,
2022-05-30,,117704.0
2022-05-31,2409624.0,121814.0
2022-06-01,54669.0,0.0
2022-06-02,125194.0,1783.0
2022-06-03,213034.0,1783.0
2022-06-06,318213.0,3103.0
2022-06-07,428985.0,19823.0
2022-06-10,858702.0,41182.0
2022-06-13,948905.0,44861.0
2022-06-14,1074033.0,51821.0
2022-06-15,1195614.0,53261.0
2022-06-17,1435240.0,61057.0
2022-06-20,1532882.0,70157.0
2022-06-21,1651919.0,75430.0
2022-06-22,1794225.0,82230.0
2022-06-23,1899881.0,84440.0
2022-06-24,2070361.0,110460.0
2022-06-27,2193012.0,111340.0
2022-06-28,2477253.0,112826.0
2022-06-29,2607896.0,120546.0
2022-06-30,2688489.0,131043.0
2022-07-01,73008.0,0.0
2022-07-04,185007.0,1666.0
2022-07-05,236567.0,5839.0
2022-07-06,309854.0,27591.0
2022-07-07,397246.0,36557.0
2022-07-08,451126.0,40483.0
2022-07-14,863967.0,65506.0
2022-07-15,934706.0,77346.0
2022-07-18,1032710.0,83652.0
2022-07-19,1188150.0,97142.0
2022-07-20,1259840.0,97142.0
2022-07-21,1333173.0,113542.0
2022-07-22,1460703.0,114434.0
2022-07-25,1544517.0,117088.0
2022-07-26,1662861.0,128274.0
2022-07-27,1743570.0,133114.0
2022-07-28,1882483.0,140484.0
2022-07-29,2008692.0,142317.0
2022-07-31,2057164.0,142777.0
2022-08-01,37491.0,0.0
2022-08-02,138956.0,
2022-08-03,258460.0,
2022-08-04,335886.0,1666.0
2022-08-05,383295.0,5839.0
2022-08-06,,27591.0
2022-08-07,,36557.0
2022-08-08,,40483.0
2022-08-10,744522.0,
2022-08-11,810371.0,
2022-08-12,936871.0,
2022-08-14,,65506.0
2022-08-15,1024197.0,77346.0
2022-08-16,1165364.0,
2022-08-17,1314937.0,
2022-08-18,1421216.0,83652.0
2022-08-19,1600181.0,97142.0
2022-08-20,,97142.0
2022-08-21,,113542.0
2022-08-22,1688064.0,114434.0
2022-08-23,1821199.0,
2022-08-24,1960405.0,
2022-08-25,2042007.0,117088.0
2022-08-26,2099414.0,128274.0
2022-08-27,,133114.0
2022-08-28,,140484.0
2022-08-29,2207326.0,142317.0
2022-08-30,2332490.0,
2022-08-31,2384413.0,142777.0
2022-09-01,79963.0,0.0
2022-09-02,146382.0,5030.0
2022-09-05,229522.0,5350.0
2022-09-06,336167.0,7836.0
2022-09-08,485026.0,13582.0
2022-09-09,616025.0,21342.0
2022-09-13,896444.0,61081.0
2022-09-14,1036504.0,62121.0
2022-09-15,1188936.0,68508.0
2022-09-16,1263192.0,82391.0
2022-09-19,1398511.0,86543.0
2022-09-20,1615071.0,89948.0
2022-09-21,1817567.0,100148.0
2022-09-22,2193558.0,100273.0
2022-09-23,2334438.0,102766.0
2022-09-24,2429676.285714286,109479.0
2022-09-25,2540787.6190476194,116192.0
2022-09-26,2651898.952380953,122905.0
2022-09-27,2763010.2857142864,129618.0
2022-09-28,2874121.61904762,136331.0
2022-09-29,2985232.9523809534,143044.0
2022-09-30,3001106.0,149757.0
2022-10-03,52123.0,5030.0
2022-10-04,207869.0,10447.0
2022-10-05,363615.0,15864.0
2022-10-06,519361.0,21281.0
2022-10-07,675107.0,26698.0
2022-10-10,830853.0,32115.0
2022-10-11,986599.0,37532.0
2022-10-12,1142345.0,42949.0
2022-10-13,1298091.0,48366.0
2022-10-14,1453837.0,53783.0
2022-10-17,1609583.0,59200.0
2022-10-18,1765329.0,64617.0
2022-10-19,1921075.0,70034.0
2022-10-20,2076821.0,75451.0
2022-10-21,2232567.0,80868.0
2022-10-24,2388313.0,86285.0
2022-10-25,2544059.0,91702.0
2022-10-26,2699805.0,97119.0
2022-10-27,2855551.0,102536.0
2022-10-28,3011297.0,107953.0
2022-10-31,3167035.0,113367.0
2022-11-03,52123.0,5030.0
2022-11-04,207869.0,10447.0
2022-11-05,363615.0,15864.0
2022-11-06,519361.0,21281.0
2022-11-07,675107.0,26698.0
2022-11-10,830853.0,32115.0
2022-11-11,986599.0,37532.0
2022-11-12,1142345.0,42949.0
2022-11-13,1298091.0,48366.0
2022-11-14,1453837.0,53783.0
2022-11-17,1609583.0,59200.0
2022-11-18,1765329.0,64617.0
2022-11-19,1921075.0,70034.0
2022-11-20,2076821.0,75451.0
2022-11-21,2232567.0,80868.0
2022-11-24,2388313.0,86285.0
2022-11-25,2544059.0,91702.0
2022-11-26,2699805.0,97119.0
2022-11-27,2855551.0,102536.0
2022-11-28,3011297.0,107953.0
2022-11-30,3351127.0,110021.0
2022-12-01,96486.0,
2022-12-03,211721.0,2233.0
2022-12-04,254439.0,2233.0
2022-12-05,275347.0,4233.0
2022-12-06,,4453.0
2022-12-07,,4676.0
2022-12-08,316967.0,
2022-12-09,406110.0,
2022-12-10,,9662.5
2022-12-11,,10702.5
2022-12-12,,12769.0
2022-12-13,,16616.0
2022-12-16,970148.0,
2022-12-17,1125647.0,
2022-12-18,1309359.0,
2022-12-19,1404046.0,30908.0
2022-12-20,,32741.0
2022-12-21,,33407.0
2022-12-22,1480585.0,
2022-12-23,1693932.0,
2022-12-24,1978671.0,34153.5
2022-12-25,2163500.0,37001.5
2022-12-26,2319284.0,47271.5
2022-12-27,,47631.5
2022-12-28,,49181.0
2022-12-29,2468850.0,
2022-12-30,2655635.0,
2022-12-31,2834772.0,61991.0
2023-01-02,49410.0,
2023-01-03,183226.0,1920.0
2023-01-04,282988.0,1920.0
2023-01-05,421316.0,5920.0
2023-01-06,,6360.0
2023-01-07,,6806.0
2023-01-08,537558.0,
2023-01-09,657680.0,
2023-01-10,753720.0,16779.0
2023-01-11,,18859.0
2023-01-12,,22992.0
2023-01-13,,30686.0
2023-01-15,1217684.0,
2023-01-16,1249135.0,
2023-01-17,1512684.0,
2023-01-18,1557097.0,
2023-01-19,1709332.0,50816.0
2023-01-20,,52482.0
2023-01-21,,56814.0
2023-01-22,1815923.0,
2023-01-24,2033047.0,
2023-01-25,,62123.0
2023-01-26,,63457.0
2023-01-28,,69545.0
2023-01-30,2418151.0,
2023-01-31,2452488.0,75853.0
2023-02-01,47000.0,
2023-02-02,121222.0,3197.0
2023-02-03,195444.0,3197.0
2023-02-04,,7197.0
2023-02-05,,7637.0
2023-02-06,418110.0,8083.0
2023-02-07,492332.0,
2023-02-08,566554.0,
2023-02-09,640776.0,18056.0
2023-02-10,714998.0,20136.0
2023-02-11,,24269.0
2023-02-12,,31963.0
2023-02-13,937664.0,
2023-02-14,1014886.0,
2023-02-15,1082108.0,
2023-02-16,1149330.0,
2023-02-17,1216552.0,
2023-02-18,,60547.0
2023-02-19,,64213.0
2023-02-20,1418218.0,65545.0
2023-02-21,1485440.0,
2023-02-22,1552662.0,
2023-02-23,1619884.0,67038.0
2023-02-24,1687106.0,72734.0
2023-02-27,1888772.0,
2023-02-28,2000000.0,87500.0
2023-03-01,56897.0,1458.0
2023-03-02,144676.7,4984.966666666667
2023-03-03,232456.4,8511.933333333334
2023-03-06,495795.50000000006,19092.833333333336
2023-03-07,583575.2000000001,22619.800000000003
2023-03-08,671354.9,26146.76666666667
2023-03-09,759134.6,29673.733333333337
2023-03-10,846914.2999999999,33200.700000000004
2023-03-13,1110253.4,43781.600000000006
2023-03-14,1198033.1,47308.56666666667
2023-03-15,1285812.7999999998,50835.53333333334
2023-03-16,1373592.4999999998,54362.50000000001
2023-03-17,1461372.1999999995,57889.466666666674
2023-03-20,1724711.2999999996,68470.36666666667
2023-03-21,1812490.9999999995,71997.33333333333
2023-03-22,1900270.6999999995,75524.29999999999
2023-03-23,1988050.4,79051.26666666665
2023-03-24,2075830.1,82578.23333333331
2023-03-27,2339169.2,93159.13333333327
2023-03-28,2426948.9,96686.09999999996
2023-03-29,2514728.6,100213.0666666666
2023-03-30,2602508.3000000003,103740.03333333328
2023-03-31,2690288.0,107267.0
2023-04-01,,1458.0
2023-04-02,,4984.966666666667
2023-04-03,186049.0,8511.933333333334
2023-04-04,261512.0,
2023-04-05,336975.0,
2023-04-06,412438.0,19092.833333333336
2023-04-07,487901.0,22619.800000000003
2023-04-08,,26146.76666666667
2023-04-09,,29673.733333333337
2023-04-10,714290.0,33200.700000000004
2023-04-11,789753.0,
2023-04-12,865216.0,
2023-04-13,940679.0,43781.600000000006
2023-04-14,1016142.0,47308.56666666667
2023-04-15,,50835.53333333334
2023-04-16,,54362.50000000001
2023-04-17,1242531.0,57889.466666666674
2023-04-18,1317994.0,
2023-04-19,1393457.0,
2023-04-20,1468920.0,68470.36666666667
2023-04-21,1544383.0,71997.33333333333
2023-04-22,,75524.29999999999
2023-04-23,,79051.26666666665
2023-04-24,1770772.0,82578.23333333331
2023-04-25,1846235.0,
2023-04-26,1921698.0,
2023-04-27,1997161.0,93159.13333333327
2023-04-28,2072624.0,96686.09999999996
2023-04-29,,100213.0666666666
2023-04-30,2299013.0,124026.0
2023-05-01,,1458.0
2023-05-02,,4984.966666666667
2023-05-03,186049.0,8511.933333333334
2023-05-04,261512.0,
2023-05-05,336975.0,
2023-05-06,412438.0,19092.833333333336
2023-05-07,487901.0,22619.800000000003
2023-05-08,,26146.76666666667
2023-05-09,,29673.733333333337
2023-05-10,714290.0,33200.700000000004
2023-05-11,789753.0,
2023-05-12,865216.0,
2023-05-13,940679.0,43781.600000000006
2023-05-14,1016142.0,47308.56666666667
2023-05-15,,50835.53333333334
2023-05-16,,54362.50000000001
2023-05-17,1242531.0,57889.466666666674
2023-05-18,1317994.0,
2023-05-19,1393457.0,
2023-05-20,1468920.0,68470.36666666667
2023-05-21,1544383.0,71997.33333333333
2023-05-22,,75524.29999999999
2023-05-23,,79051.26666666665
2023-05-24,1770772.0,82578.23333333331
2023-05-25,1846235.0,
2023-05-27,,93159.13333333327
2023-05-28,,96686.09999999996
2023-05-29,,100213.0666666666
2023-05-30,1902000.0,124026.0
2023-05-31,1986387.0,131649.0
2023-06-01,58677.0,1458.0
2023-06-02,141615.0,4984.966666666667
2023-06-03,184181.0,8511.933333333334
2023-06-04,277829.0,
2023-06-05,373129.0,
2023-06-06,,19092.833333333336
2023-06-07,,22619.800000000003
2023-06-08,,26146.76666666667
2023-06-09,,29673.733333333337
2023-06-10,639462.0,33200.700000000004
2023-06-12,719317.0,
2023-06-13,,43781.6
2023-06-14,,47308.5666666667
2023-06-15,821161.0,48000.0
2023-06-16,931721.0,54362.50000000001
2023-06-17,1030094.0,57889.466666666674
2023-06-18,1109997.0,
2023-06-19,1207923.0,
2023-06-20,,68470.36666666667
2023-06-21,,71997.33333333333
2023-06-22,,75524.29999999999
2023-06-23,1405908.0,79051.26666666665
2023-06-24,1516602.0,110465.0
2023-06-25,1649990.0,
2023-06-26,1775689.0,
2023-06-27,,130458.0
2023-06-28,,146686.09999999992
2023-06-29,1869802.0,200213.0
2023-06-30,2003182.0,230653.0
2023-07-02,123413.0,1568.0
2023-07-03,,8511.933333333334
2023-07-05,211891.0,
2023-07-06,232257.0,24567.0
2023-07-07,376872.0,86543.0
2023-07-08,476414.0,110256.0
2023-07-09,481020.0,121546.0
2023-07-11,761159.0,
2023-07-12,815107.0,
2023-07-13,891754.0,186546.0
2023-07-14,1056266.0,194563.0
2023-07-15,,210567.0
2023-07-16,,215678.0
2023-07-17,1120531.0,
2023-07-18,1230485.0,
2023-07-19,1355750.0,221563.0
2023-07-20,1489749.0,265354.0
2023-07-21,1519629.0,280789.0
2023-07-22,,298546.0
2023-07-23,,321231.0
2023-07-26,1570716.0,332456.0
2023-07-27,1688781.0,338754.0
2023-07-28,1788776.0,362189.0
2023-07-29,,384563.0
2023-07-30,2100154.0,391986.0
2023-07-31,2204630.0,494527.0
2023-08-01,63396.0,
2023-08-02,133454.0,1568.0
2023-08-03,245207.0,8511.933333333334
2023-08-04,350047.0,
2023-08-06,,24567.0
2023-08-07,464387.0,86543.0
2023-08-08,828238.0,110256.0
2023-08-09,972722.0,121546.0
2023-08-10,1126493.0,
2023-08-11,1211054.0,
2023-08-13,,186546.0
2023-08-14,1336747.0,194563.0
2023-08-15,1491044.0,210567.0
2023-08-16,1563588.0,215678.0
2023-08-17,1713121.0,
2023-08-18,1840047.0,
2023-08-19,,268954.0
2023-08-20,,321752.0
2023-08-21,2027300.0,385785.0
2023-08-22,2148376.0,412876.0
2023-08-23,2258911.0,456878.0
2023-08-24,,498561.0
2023-08-26,,512478.0
2023-08-27,,532478.0
2023-08-28,,568784.0
2023-08-29,,612457.0
2023-08-30,2513467.0,658789.0
2023-08-31,2661527.0,703148.0
2023-09-01,63396.0,
2023-09-02,133454.0,
2023-09-03,245207.0,35023.0
2023-09-04,350047.0,144842.0
2023-09-07,464387.0,149086.0
2023-09-08,828238.0,188470.0
2023-09-09,972722.0,226694.0
2023-09-10,1126493.0,299456.0
2023-09-11,1211054.0,331908.0
2023-09-14,1336747.0,387007.0
2023-09-15,1491044.0,421725.0
2023-09-16,1563588.0,440972.0
2023-09-17,1713121.0,454331.0
2023-09-18,1840047.0,478321.0
2023-09-21,2027300.0,
2023-09-22,2148376.0,582554.0
2023-09-23,2258911.0,613185.0
2023-09-24,,621144.0
2023-09-25,,635428.0
2023-09-28,,641453.0
2023-09-29,,649451.0
2023-09-30,2420756.0,
2023-10-03,56789.0,8164.0
2023-10-04,226274.0,39097.0
2023-10-05,395759.0,75587.0
2023-10-06,565244.0,105859.0
2023-10-07,734729.0,139334.0
2023-10-10,818456.0,176515.0
2023-10-11,1073699.0,207742.0
2023-10-12,1243184.0,240420.0
2023-10-13,1357894.0,277597.0
2023-10-14,1582154.0,309171.0
2023-10-17,1751639.0,343092.0
2023-10-18,1821567.0,374731.0
2023-10-19,2090609.0,407164.0
2023-10-20,2356789.0,444399.0
2023-10-21,2429579.0,474800.0
2023-10-24,2599064.0,507516.0
2023-10-25,2865123.0,543851.0
2023-10-26,2938034.0,576867.0
2023-10-27,3107519.0,612347.0
2023-10-28,3277004.0,643850.0
2023-10-31,3446494.0,679949.0
2023-11-03,56789.0,8164.0
2023-11-06,565244.0,105859.0
2023-11-07,734729.0,139334.0
2023-11-08,818456.0,
2023-11-09,1073699.0,
2023-11-10,1243184.0,176515.0
2023-11-13,1357894.0,207742.0
2023-11-14,1582154.0,240420.0
2023-11-15,1751639.0,277597.0
2023-11-16,1821567.0,309171.0
2023-11-17,2090609.0,343092.0
2023-11-20,2356789.0,374731.0
2023-11-21,2429579.0,407164.0
2023-11-22,,444399.0
2023-11-23,,514800.0
2023-11-26,2599064.0,576867.0
2023-11-27,2865123.0,632347.0
2023-11-28,2938034.0,713850.0
2023-11-29,3107519.0,
2023-11-30,3278414.0,898666.0
2023-12-01,79963.0,4237.0
2023-12-02,146382.0,37342.0
2023-12-05,229522.0,50835.0
2023-12-06,336167.0,54148.0
2023-12-07,,90718.0
2023-12-08,485026.0,103432.0
2023-12-09,616025.0,103865.0
2023-12-13,896444.0,188151.0
2023-12-14,1036504.0,191230.0
2023-12-15,1188936.0,209569.0
2023-12-16,1263192.0,214496.0
2023-12-19,1398511.0,223554.0
2023-12-20,1615071.0,265516.0
2023-12-21,1817567.0,280646.0
2023-12-22,2193558.0,294372.0
2023-12-23,2334438.0,323960.0
2023-12-24,2429676.285714286,
2023-12-25,2540787.6190476194,
2023-12-26,2651898.952380953,340827.0
2023-12-27,2763010.2857142864,357414.0
2023-12-28,2874121.61904762,390434.0
2023-12-29,2985232.9523809534,422687.0
2023-12-30,3001106.0,474830.5
2023-12-31,3273181.0,526974.0
2024-01-01,,4237.0
2024-01-02,99079.0,37342.0
2024-01-03,265160.0,
2024-01-04,401733.0,
2024-01-05,,50835.0
2024-01-06,,54148.0
2024-01-07,515229.0,90718.0
2024-01-08,627926.0,103432.0
2024-01-09,818744.0,103865.0
2024-01-10,934548.0,
2024-01-13,,188151.0
2024-01-14,,191230.0
2024-01-15,1342260.0,209569.0
2024-01-16,1515117.0,214496.0
2024-01-18,1796769.0,
2024-01-19,,223554.0
2024-01-20,,265516.0
2024-01-21,2026937.0,280646.0
2024-01-22,2131235.0,294372.0
2024-01-23,2430897.0,323960.0
2024-01-24,2556903.0,
2024-01-26,,340827.0
2024-01-27,,357414.0
2024-01-28,2700993.0,390434.0
2024-01-29,2894055.0,422687.0
2024-01-30,3052389.0,
2024-01-31,3292047.0,459987.0
2024-02-01,65270.0,4333.0
2024-02-02,195088.0,16659.0
2024-02-06,735271.0,82762.0
2024-02-14,1181536.0,135036.0
2024-02-15,1350547.0,196316.0
2024-02-16,1530244.0,233187.0
2024-02-19,1640910.0,309688.0
2024-02-20,1842098.0,330135.0
2024-02-21,2044664.0,341595.0
2024-02-22,2160689.0,384870.0
2024-02-23,2343158.0,418818.0
2024-02-26,2523589.0,479771.0
2024-02-27,2697081.0,508830.0
2024-02-28,2822230.0,587344.0
2024-03-04,139186.0,52491.0
2024-03-05,304481.0,58024.0
2024-03-06,526465.0,147556.0
2024-03-12,1137326.0,287182.0
2024-03-13,1292741.0,294907.0
2024-03-14,1397538.0,306488.0
2024-03-15,1587908.0,349311.0
2024-03-18,1739758.0,403617.0
2024-03-19,1860307.0,443486.0
2024-03-21,2088615.0,550628.0
2024-03-22,2140516.0,569343.0
2024-03-25,2301819.0,647283.0
2024-03-26,2425869.0,705090.0
2024-03-27,2532016.0,739953.0
2024-03-31,2757970.0,768927.0
2024-04-02,491532.0,
2024-04-04,886601.0,52491.0
2024-04-05,,58024.0
2024-04-06,,147556.0
2024-04-10,1514780.0,
2024-04-11,1621726.0,
2024-04-12,1744978.0,287182.0
2024-04-13,,294907.0
2024-04-14,,306488.0
2024-04-15,1888512.0,349311.0
2024-04-16,1978358.0,
2024-04-17,2100599.0,
2024-04-18,2278720.0,353617.0
2024-04-19,2440860.0,393486.0
2024-04-21,,500628.0
2024-04-22,2613188.0,519343.0
2024-04-23,2762573.0,
2024-04-24,2865897.0,
2024-04-25,3027801.0,597283.0
2024-04-26,3187009.0,655090.0
2024-04-27,,689953.0
2024-04-29,3347489.0,
2024-04-30,3509989.0,
2024-05-02,71683.0,26176.0
2024-05-03,256575.0,58643.0
2024-05-06,437286.0,115161.0
2024-05-07,547338.0,156869.0
2024-05-08,692736.0,173539.0
2024-05-14,1458615.0,296978.0
2024-05-15,1591617.0,331343.0
2024-05-16,1670382.0,384611.0
2024-05-17,1778285.0,414752.0
2024-05-20,1936186.0,487893.0
2024-05-21,2106962.0,541886.0
2024-05-22,2292517.0,610241.0
2024-05-23,2444430.0,651289.0
2024-05-24,2614964.0,707607.0
2024-05-27,2749738.0,744338.0
2024-05-28,3014326.0,777772.0
2024-05-29,3177646.0,784425.0
2024-05-31,3181927.0,856954.0
2024-06-02,,29843.0
2024-06-03,103005.0,59664.0
2024-06-04,211376.0,
2024-06-05,242671.0,
2024-06-06,324535.0,117434.0
2024-06-07,496272.0,159712.0
2024-06-08,,176043.0
2024-06-12,872001.0,
2024-06-13,976481.0,
2024-06-14,1043865.0,298001.0
2024-06-15,,333113.0
2024-06-16,,387131.0
2024-06-17,1191937.0,416859.0
2024-06-18,1346800.0,
2024-06-19,1539889.0,
2024-06-20,1637394.0,491388.0
2024-06-21,1716437.0,542928.0
2024-06-22,,613526.0
2024-06-23,,654599.0
2024-06-24,1799495.0,710984.0
2024-06-26,2208458.0,
2024-06-27,2299138.0,746661.0
2024-06-28,2430954.0,780120.0
2024-06-29,2460813.5,790567.0
2024-06-30,2490673.0,812654.0
2024-07-01,61962.0,32192.0
2024-07-02,235452.0,119176.0
2024-07-04,443167.0,214459.0
2024-07-05,547403.0,244313.0
2024-07-11,1001281.0,436697.0
2024-07-12,1075276.0,464143.0
2024-07-15,1191975.0,521195.0
2024-07-16,1338594.0,628116.0
2024-07-17,1456884.0,669333.0
2024-07-18,1543952.0,701574.0
2024-07-19,1619508.0,722728.0
2024-07-22,1745775.0,749699.0
2024-07-23,1910076.0,764344.0
2024-07-24,1999810.0,788793.0
2024-07-25,2083293.0,825623.0
2024-07-26,2191142.0,886263.0
2024-07-29,2318203.0,890753.0
2024-07-30,2477097.0,902637.0
2024-08-01,,32192.0
2024-08-02,108569.0,119176.0
2024-08-04,,214459.0
2024-08-05,252645.0,244313.0
2024-08-06,346699.0,
2024-08-07,436249.0,
2024-08-11,,436697.0
2024-08-12,,464143.0
2024-08-13,952680.0,
2024-08-14,1064233.0,
2024-08-15,1139928.0,521195.0
2024-08-16,1241866.0,628116.0
2024-08-17,,669333.0
2024-08-18,,701574.0
2024-08-19,1326018.0,722728.0
2024-08-20,1422042.0,
2024-08-21,1613928.0,
2024-08-22,1716933.0,749699.0
2024-08-23,1818037.0,764344.0
2024-08-24,,788793.0
2024-08-25,,825623.0
2024-08-26,1985236.0,886263.0
2024-08-27,2148912.0,
2024-08-28,2264045.0,
2024-08-29,2359486.0,925039.0
2024-08-30,,955791.0
2024-08-31,2544312.0,
2024-09-02,145843.0,19847.0
2024-09-03,294249.0,92429.0
2024-09-04,417947.0,186562.0
2024-09-05,514706.0,206939.0
2024-09-06,646096.0,259239.0
2024-09-11,1049047.0,371242.0
2024-09-12,1122294.0,418388.0
2024-09-13,1180262.0,442101.0
2024-09-16,1210376.0,458141.0
2024-09-17,1493209.0,501972.0
2024-09-18,1586050.0,601594.0
2024-09-19,1859502.0,673836.0
2024-09-20,1959892.0,682636.0
2024-09-23,2239849.0,711697.0
2024-09-24,2451077.0,763843.0
2024-09-26,2785132.0,818662.0
2024-09-27,2968608.0,893122.0
2024-09-30,3147140.0,950726.0
2024-10-01,45153.0,
2024-10-02,119373.0,
2024-10-03,261454.0,40000.0
2024-10-04,442715.0,60453.0
2024-10-05,,80451.0
2024-10-06,,105859.0
2024-10-07,,120000.0
2024-10-10,1326143.0,159054.0
2024-10-11,1438539.0,240420.0
2024-10-12,,277597.0
2024-10-13,,309171.0
2024-10-14,1609920.0,330486.0
2024-10-15,1756337.0,
2024-10-16,1957630.0,
2024-10-17,2037850.0,398451.0
2024-10-18,2100310.0,421579.0
2024-10-20,,498751.0
2024-10-21,2238485.0,540157.0
2024-10-22,2321646.0,
2024-10-24,2833144.0,720456.0
2024-10-25,3039770.0,
2024-10-26,,758978.0
2024-10-27,,812792.0
2024-10-28,3191222.0,
2024-10-29,3293129.0,
2024-10-30,3429376.0,
2024-10-31,3693674.0,927000.0
2024-11-01,156075.0,28786.0
2024-11-04,358563.0,80624.0
2024-11-05,587836.0,120450.0
2024-11-07,850231.0,170249.0
2024-11-12,1618172.0,294654.0
2024-11-13,1756855.0,350516.0
2024-11-14,1938964.0,361466.0
2024-11-18,2215473.0,440119.0
2024-11-19,2452077.0,462933.0
2024-11-21,2621727.0,530702.0
2024-11-22,2841173.0,570678.0
2024-11-25,3100176.0,634747.0
2024-11-26,3283801.0,698456.0
2024-11-27,3459403.0,721456.0
2024-11-28,3634492.0,
2024-11-29,3721746.0,784732.0
2024-11-30,,807712.0
2024-12-03,246795.0,91586.0
2024-12-04,379290.0,121773.0
2024-12-05,519059.0,135817.0
2024-12-06,624653.0,171706.0
2024-12-11,955545.0,274393.0
2024-12-12,1092547.0,280986.0
2024-12-16,1509577.0,341348.0
2024-12-17,1677714.0,383962.0
2024-12-18,1775969.0,423547.0
2024-12-19,1943362.0,445896.0
2024-12-20,2032809.0,462546.0
2024-12-27,2609116.0,521786.0
2024-12-31,2853482.0,571896.0
2025-01-02,159185.0,12383.0
2025-01-03,299198.0,57772.0
2025-01-06,459534.0,104189.0
2025-01-07,692494.0,126723.0
2025-01-08,916212.0,145485.0
2025-01-10,1190228.0,203997.0
2025-01-16,2056990.0,272320.0
2025-01-17,2200073.0,300141.0
2025-01-20,2351218.0,304501.0
2025-01-21,2483750.0,315372.0
2025-01-22,2656915.0,322245.0
2025-01-23,2844984.0,325245.0
2025-01-24,3003225.0,351875.0
2025-01-27,3137676.0,375931.0
2025-01-28,3384561.0,389338.0
2025-01-29,3596273.0,389658.0
2025-01-30,3712601.0,393258.0
2025-01-31,3772586.0,401083.0
2025-02-03,89278.0,20982.0
2025-02-04,235366.0,28975.0
2025-02-05,405713.0,45684.0
2025-02-06,517425.0,48184.0
2025-02-07,599546.0,67971.0
2025-02-12,1061724.0,110524.0
2025-02-14,1239946.0,141951.0
2025-02-17,1414175.0,147591.0
2025-02-18,1522480.0,156121.0
2025-02-19,1674920.0,164494.0
2025-02-20,1761108.0,174871.0
2025-02-21,1818023.0,200338.0
2025-02-24,2075803.0,222586.0
2025-02-26,2412376.0,237285.0
2025-02-27,2478305.0,242058.0
2025-02-28,2577759.0,245712.0
2025-03-05,141863.0,4800.0
2025-03-06,392251.0,6960.0
2025-03-07,528514.0,36895.0
2025-03-10,732600.0,42728.0
2025-03-11,956194.0,49768.0
2025-03-14,1480702.0,68688.0
2025-03-17,1634378.0,70021.0
2025-03-18,1785758.0,89663.0
2025-03-19,1891660.0,89663.0
2025-03-20,1989341.0,89663.0
2025-03-21,2130821.0,92868.0
2025-03-24,2299232.0,125715.0
2025-03-25,2516411.0,128665.0
2025-03-26,2655332.0,142815.0
2025-03-27,2753211.0,154275.0
2025-03-28,2850057.0,155826.0
2025-03-31,2954630.0,157096.0
2025-04-01,121205.0,2080.0
2025-04-02,291238.0,10848.0
2025-04-03,402958.0,11281.0
2025-04-04,503203.0,24807.0
2025-04-07,675843.0,24807.0
2025-04-10,963334.0,41224.0
2025-04-11,1048738.0,42977.0
2025-04-14,1184832.0,49754.0
2025-04-15,1330053.0,57411.0
2025-04-16,1473124.0,62051.0
2025-04-17,1578492.0,63718.0
2025-04-22,1752572.0,74121.0
2025-04-23,1987093.0,84544.0
2025-04-24,2128868.0,86700.0
2025-04-25,2314725.0,101098.0
2025-04-28,2503146.0,103171.0
2025-04-29,2668615.0,110134.0
2025-04-30,2807453.0,115374.0
2025-05-02,33539.0,8875.966666666667
2025-05-03,78671.0,15112.933333333334
2025-05-04,62982.0,
2025-05-05,232028.0,
2025-05-06,401615.0,23308.833333333336
2025-05-07,492613.0,28918.800000000003
2025-05-08,554813.0,
2025-05-09,,36380.73333333334
2025-05-10,,39417.7
2025-05-13,1015209.0,49049.600000000006
2025-05-14,1125182.0,53441.56666666667
2025-05-15,1223826.0,54219.53333333334
2025-05-16,,59050.50000000001
2025-05-17,,63197.466666666674
2025-05-18,1393770.0,
2025-05-19,1501367.0,
2025-05-20,1576799.0,74666.36666666667
2025-05-21,1692475.0,78764.33333333333
2025-05-22,1845577.0,79644.29999999999
2025-05-23,,85178.26666666665
2025-05-24,,86498.23333333331
2025-05-25,1897896.0,
2025-05-26,1948321.0,
2025-05-27,,124897.0
2025-05-28,2246164.0,137239.0
2025-05-29,2345781.0,156267.0
2025-05-30,,170672.0
2025-05-31,2413181.0,200234.0
2025-06-02,187547.0,3600.0
2025-06-03,282240.0,5691.0
2025-06-04,365793.0,24969.0
2025-06-05,470269.0,27629.0
2025-06-06,524968.0,31615.0
2025-06-11,869643.0,165348.0
2025-06-12,919488.0,166846.0
2025-06-13,974192.0,184586.0
2025-06-16,1062308.0,194921.0
2025-06-17,1159574.0,203426.0
2025-06-18,1236773.0,210944.0
2025-06-23,1410450.0,298480.0
2025-06-24,1490605.0,303672.0
2025-06-25,1575724.0,313832.0
2025-06-26,1607989.0,325898.0
2025-06-28,1724981.0,398713.0
2025-06-29,1782891.0,435120.5
2025-06-30,1840160.0,471528.0
2025-07-01,78868.0,11287.0
2025-07-02,145072.0,25188.0
2025-07-03,257467.0,33368.0
2025-07-04,315811.0,97835.0
2025-07-07,395163.0,115422.0
2025-07-08,536249.0,137952.0
2025-07-09,550641.0,138619.0
2025-07-10,682254.0,162666.0
2025-07-17,1126454.0,240992.0
2025-07-18,1232888.0,267121.0
2025-07-21,1419710.0,352174.0
2025-07-22,1450120.0,362988.0
2025-07-23,1578338.0,387632.0
2025-07-24,1632165.0,392999.0
2025-07-25,1778169.0,416670.0
2025-07-28,1869135.0,444151.0
2025-07-29,1950557.0,462105.0
2025-07-31,2090375.0,489729.0
2025-08-01,49489.0,10048.0
2025-08-04,107707.0,10048.0
2025-08-05,234772.0,16540.0
2025-08-06,323629.0,28663.0
2025-08-07,410110.0,43540.0
2025-08-13,787430.0,184172.0
2025-08-14,856504.0,194549.0
2025-08-15,929811.0,236635.0
2025-08-18,1078205.0,236635.0
2025-08-19,1213625.0,297032.0
2025-08-22,1440998.0,300698.0
2025-08-25,1506524.0,378676.0
2025-08-26,1637551.0,391049.0
2025-08-27,1684753.0,412660.0
2025-08-28,1756350.0,417286.0
2025-08-31,2279622.0,621010.0
2025-09-01,121653.0,37757.0
2025-09-02,261038.0,49452.0
2025-09-03,421056.0,72506.0
2025-09-04,493433.0,97502.0
2025-09-05,619464.0,114355.0
2025-09-10,986663.0,179166.0
2025-09-11,1141428.0,213913.0
2025-09-12,1283146.0,235692.0
2025-09-15,1497571.0,254259.0
2025-09-16,1601781.0,260525.0
2025-09-18,1861008.0,285934.0
2025-09-19,1957061.0,306389.0
2025-09-22,2104058.0,365102.0
2025-09-23,2278410.0,393952.0
2025-09-24,2421154.0,405352.0
2025-09-25,2573945.0,419470.0
2025-09-26,2729954.0,437683.0
2025-09-29,2890970.0,491473.0
2025-09-30,3066697.0,506167.0
2025-10-03,309548.0,44440.0
2025-10-06,505152.0,72673.0
2025-10-07,665079.0,77032.0
2025-10-10,951885.0,155928.0
2025-10-13,1069786.0,166641.0
2025-10-14,1257810.0,191126.0
2025-10-15,1337829.0,226345.0
2025-10-16,1450766.0,247515.0
2025-10-20,1871506.0,269258.0
2025-10-21,2058173.0,280297.0
2025-10-22,2193806.0,293200.0
2025-10-23,2321199.0,309764.0
2025-10-24,2493161.0,328861.0
2025-10-27,2744476.0,353600.0
2025-10-28,2928088.0,365173.0
2025-10-29,3033598.0,400180.0
2025-10-30,3164402.0,412166.0
2025-10-31,3297678.0,442976.0
2025-11-03,311505.0,11620.0
2025-11-04,460564.0,34185.0
2025-11-05,546964.0,41397.0
2025-11-06,762932.0,51980.0
2025-11-13,1410450.0,126166.0
2025-11-14,1497748.0,142087.0
2025-11-18,1724894.0,151928.0
2025-11-19,1793782.0,159011.0
2025-11-21,1911627.0,174569.0
2025-11-24,2123811.0,202964.0
2025-11-27,2802888.0,247326.0
2025-11-28,2871928.0,247326.0
2025-12-01,184517.0,16561.0
2025-12-02,361842.0,42987.0
2025-12-03,554898.0,50400.0
2025-12-04,596878.0,59040.0
2025-12-09,673445.0,68237.0
2025-12-10,1117153.0,89002.0
2025-12-12,1354259.0,103209.0
2025-12-16,1707393.0,130073.0
2025-12-17,1827081.0,134726.0
2025-12-18,2014554.0,157405.0
2025-12-19,2129974.0,164583.0
2025-12-22,2212994.0,169447.0
2025-12-23,2370033.0,185760.0
2025-12-26,2527867.0,198662.0
2025-12-30,2804537.0,241348.0
2026-01-01,56112.0,18206.0
2026-01-05,196204.0,21766.0
2026-01-06,354389.0,34113.0
2026-01-07,465399.0,42113.0
2026-01-08,526161.0,45188.0
2026-01-09,566252.0,47355.0
2026-01-19,1246715.0,68115.0
2026-01-20,1326262.0,72888.0
2026-01-21,1461094.0,75588.0
2026-01-22,1557020.0,81121.0
2026-01-23,1677278.0,96934.0
2026-01-26,1825924.0,101988.0
2026-01-27,1992174.0,142466.0
2026-01-28,2182974.0,154132.0
2026-01-29,2290893.0,161572.0
2026-01-30,2421652.0,186064.0
2026-02-02,81437.0,16060.0
2026-02-03,261723.0,22486.0
2026-02-04,369789.0,22486.0
2026-02-10,591982.0,24166.0
2026-02-11,1020834.0,60529.0
2026-02-12,1081403.0,62511.0
2026-02-13,1129185.0,84544.0
2026-02-18,1213627.0,102026.0
2026-02-19,1380544.0,108379.0
2026-02-20,1510584.0,166932.0
2026-02-23,1666873.0,172199.0
2026-02-24,1804641.0,175712.0
2026-02-25,1913453.0,186834.0
2026-02-26,2026587.0,215557.0
2026-02-27,2096575.0,218890.0
2026-02-28,2114268.0,220240.0
2026-03-02,129745.0,440.0
2026-03-03,233977.0,27466.0
2026-03-04,406429.0,36217.0
2026-03-05,521895.0,60283.0
2026-03-06,571842.0,68390.0
2026-03-09,571842.0,68390.0
2026-03-10,571842.0,68390.0
2026-03-12,855980.0,104752.0
2026-03-13,985585.0,123207.0
2026-03-16,1038045.0,123207.0
2026-03-18,1308896.0,209439.0
2026-03-19,1367474.0,215667.0
2026-03-20,1414134.0,220051.0
2026-03-23,1509021.0,249763.0
2026-03-24,1576544.0,260003.0
2026-03-25,1784035.0,293775.0
2026-03-26,1906374.0,306859.0
2026-03-27,1966290.0,318719.0
2026-03-31,2172454.0,387060.0
2026-04-01,109563.0,5141.0
2026-04-02,174890.0,6414.0
2026-04-07,521178.0,86957.0
2026-04-08,703776.0,106970.0
2026-04-14,1025329.0,190811.0
2026-04-15,1025329.0,190811.0
2026-04-16,1215742.0,226887.0
2026-04-17,1298413.0,269084.0
2026-04-20,1474448.0,279352.0
2026-04-22,1660587.0,297747.0
2026-04-23,1770048.0,328059.0
2026-04-24,1875418.0,342379.0
2026-04-27,2022425.0,377577.0
2026-04-28,2126431.0,428186.0
2026-04-30,2318659.0,471862.0
2026-05-01,114853.0,11784.0
2026-05-04,160620.0,29724.0
2026-05-05,297364.0,94992.0
2026-05-06,446307.0,105416.0
2026-05-08,580458.0,121643.0
2026-05-14,938273.0,248686.0
2026-05-15,1073714.0,274582.0
2026-05-18,1167174.0,316999.0
2026-05-19,1269352.0,346553.0
2026-05-20,1356603.0,374830.0
2026-05-21,1442975.0,401616.0
2026-05-22,1532467.0,425392.0
2026-05-25,1588640.0,458650.0
2026-05-26,1677820.0,479482.0
2026-05-28,1860411.0,538104.0
2026-06-01,93535.0,28024.0
2026-06-02,292200.0,56939.0
2026-06-03,392660.0,77055.0
2026-06-05,454250.0,103667.0
2026-06-09,742181.0,171225.0
2026-06-10,758693.0,173305.0
2026-06-11,758693.0,173305.0
2026-06-12,979591.0,220827.0
2026-06-15,1093059.0,270292.0
2026-06-16,1158451.0,291865.0
2026-06-17,1251639.0,328711.0
2026-06-18,1353928.0,335804.0
2026-06-19,1451331.0,347452.0
2026-06-22,1543951.0,398389.0
2026-06-23,1656718.0,426065.0
2026-06-24,1775334.0,466626.0
2026-06-25,1843065.0,494428.0
2026-06-26,1940740.0,524120.0
2026-06-29,2048499.0,544160.0
2026-06-30,2204539.0,615801.0
2026-07-01,119391.0,52616.0
2026-07-02,198136.0,72732.0
2026-07-03,232641.0,103566.0
2026-07-06,297907.0,107053.0
2026-07-07,421295.0,135742.0
2026-07-08,510037.0,204042.0
2026-07-10,575176.0,241323.0
2026-07-16,940515.0,277861.0
2026-07-20,1105542.0,427088.0
2026-07-21,1204070.0,513757.0
2026-07-22,1322425.0,544140.0
2026-07-23,1410723.0,604283.0
2026-07-24,1488881.0,637717.0
2026-07-27,1574015.0,673137.0
2026-07-29,1867792.0,838588.0
2026-07-30,1956563.0,879058.0
2026-08-03,48719.0,4692.0
2026-08-04,169664.0,11777.0
2026-08-05,266856.0,24246.0
2026-08-06,361607.0,34113.0
2026-08-07,362456.0,34113.0
2026-08-11,362456.0,34113.0
2026-08-13,849779.0,281490.0
2026-08-14,891068.0,296754.0
2026-08-17,911099.0,338386.0
2026-08-18,937895.0,404883.0
2026-08-19,1002839.0,448602.0
2026-08-20,1044054.0,469122.0
2026-08-21,1069825.0,491045.0
2026-08-24,1103847.0,505728.0
2026-08-26,2133699.0,666954.0
2026-08-27,2294908.0,747743.0
2026-08-28,2408629.0,783006.0
2026-08-31,2574850.0,799047.0
2026-09-01,151804.0,77905.0
2026-09-02,286858.0,124589.0
2026-09-03,394233.0,170588.0
2026-09-04,459336.0,199941.0
2026-09-08,470041.0,199941.0
2026-09-10,889050.0,239395.0
2026-09-11,983918.0,274108.0
2026-09-15,1303880.0,455424.0
2026-09-16,1465677.0,485296.0
2026-09-17,1609342.0,508425.0
2026-09-18,1781146.0,549063.0
2026-09-21,1948600.0,585348.0
2026-09-22,2129609.0,634900.0
2026-09-23,2305675.0,713706.0
2026-09-25,2454965.0,764197.0
2026-09-28,2601616.0,838233.0
2026-09-29,2753711.0,858039.0
2026-09-30,2895876.0,877430.0
2026-10-01,85707.0,37492.0
2026-10-08,185707.0,87492.0
