date,pct
2026-02-01,0.06473436449226631
2026-02-05,0.23721435367189042
2026-02-06,0.3888566886563524
2026-02-07,0.45255430673490754
2026-02-08,0.4757752124418791
2026-02-09,0.4843613476705849
2026-02-19,0.7317298462194826
2026-02-20,0.7462684927683066
2026-02-21,0.7701193696394573
2026-02-22,0.7813813091158366
2026-02-23,0.7961661237268535
2026-02-26,0.8111774394020329
2026-02-27,0.829523304569217
2026-02-28,0.8463411582589127
2026-03-02,0.30035795973209434
2026-03-03,0.33818646827868004
2026-03-04,0.46903854922673555
2026-03-10,0.6187361985275502
2026-03-11,0.7838480663615187
2026-03-12,0.7900932886108192
2026-03-13,0.8005270457697642
2026-03-18,0.8332640711065427
2026-03-19,0.8548794897303199
2026-03-20,0.8647657960172571
2026-03-23,0.8733724299737025
2026-03-24,0.8828975552921509
2026-03-25,0.8861604014240462
2026-03-26,0.8909032929086681
2026-03-27,0.8929053256920444
2026-03-28,0.9314028324270491
2026-04-01,0.11584116607497537
2026-04-02,0.12367752595625046
2026-04-07,0.5251852057866471
2026-04-08,0.6411156939506146
2026-04-14,0.7331179111306669
2026-04-15,0.7331179111306669
2026-04-16,0.7690413964124018
2026-04-17,0.794828097595098
2026-04-20,0.8116320578342369
2026-04-22,0.8295721062810273
2026-04-23,0.8423473404632722
2026-04-24,0.8529874213836478
2026-04-27,0.8654804416994198
2026-04-28,0.8771112185237299
2026-04-30,0.8867549542743413
2026-05-01,0.10942612960651209
2026-05-04,0.3055696960622848
2026-05-05,0.4158988934124377
2026-05-06,0.5521195836907787
2026-05-08,0.6206253735328899
2026-05-14,0.7468596670348381
2026-05-15,0.7693479464538809
2026-05-18,0.7970402733461094
2026-05-19,0.8064559393317217
2026-05-20,0.8226385232945903
2026-05-21,0.8382161301916856
2026-05-22,0.8416971376134638
2026-05-25,0.857249961027966
2026-05-26,0.8648152955959257
2026-05-28,0.8798240888688212
2026-06-01,0.019687038585033165
2026-06-02,0.11310756110372956
2026-06-03,0.16563450833064286
2026-06-05,0.2538443480245132
2026-06-09,0.5089225783133488
2026-06-10,0.520683327099308
2026-06-11,0.520683327099308
2026-06-12,0.6246229827732566
2026-06-15,0.6672786325837754
2026-06-16,0.6889984737148521
2026-06-17,0.710968650012751
2026-06-18,0.7318048539040517
2026-06-19,0.7513835928829036
2026-06-22,0.767262720963851
2026-06-23,0.7752175356103259
2026-06-24,0.7929445000700843
2026-06-25,0.7936818605965157
2026-06-26,0.8036015687592633
2026-06-29,0.8141244520621347
2026-06-30,0.8859554351598697
2026-07-01,0.014456836018174308
2026-07-02,0.0825283407763655
2026-07-03,0.10324879120192783
2026-07-06,0.2252586090363501
2026-07-07,0.41928286173130763
2026-07-08,0.5112276771102611
2026-07-10,0.553840665568242
2026-07-16,0.7041112751996732
2026-07-20,0.7568999373537435
2026-07-21,0.7835128005285146
2026-07-22,0.7996225040502558
2026-07-23,0.815865249864516
2026-07-24,0.8261986622362943
2026-07-27,0.8481939052389081
2026-07-29,0.8739584974120806
2026-07-30,0.8691404768556308
2026-08-03,0.4472775127488074
2026-08-04,0.686954382166232
2026-08-05,0.7262404624546385
2026-08-06,0.772399748002835
2026-08-07,0.7715859352362029
2026-08-11,0.7715859352362029
2026-08-13,0.9207543834222308
2026-08-14,0.9226588452332866
2026-08-17,0.9308273029532564
2026-08-18,0.934909234783381
2026-08-19,0.933113905622551
2026-08-20,0.9354489692843526
2026-08-21,0.9360445510635329
2026-08-24,0.9350359016589118
2026-08-26,0.954090452496087
2026-08-27,0.9589064429076556
2026-08-28,0.9588681452737609
2026-09-01,0.17614351573461615
2026-09-02,0.18836581870538446
2026-09-03,0.22664434488149676
2026-09-04,0.22892141448214745
2026-09-08,0.23790662870902768
2026-09-10,0.49168692302638745
2026-09-11,0.5312670258943272
2026-09-15,0.665830712612914
2026-09-16,0.6981294730543376
2026-09-17,0.7172331366317047
2026-09-18,0.7346326449523095
2026-09-21,0.7540746109142629
2026-09-22,0.7748451319993274
2026-09-23,0.7928444463211727
2026-09-25,0.8071651900908658
2026-09-28,0.8145999264977697
2026-09-29,0.8192554606620269
2026-09-30,0.8259846346097227
